K,stability,reconstruction_err
5,0.9818781843787475,33.7752123294031
8,0.8578634574905126,33.43956732488981
11,0.8444363453462986,33.148497305567055
14,0.7968883407407489,32.89040848545922
17,0.9182038223956325,32.65173592798208
20,0.8288853442595308,32.42608041149511
